Product URL,Product Name,Product Price,Rating,Number of Reviews
https://www.amazon.in/Skybags-Brat-Black-Casual-Backpack/dp/B08Z1HHHTD/ref=sr_1_1?crid=2M096C61O4MLT&keywords=bags&qid=1692645622&sprefix=ba%2Caps%2C283&sr=8-1,,,,
https://www.amazon.in/American-Tourister-AMT-SCH-02/dp/B07CJCGM1M/ref=sr_1_2?crid=2M096C61O4MLT&keywords=bags&qid=1692645622&sprefix=ba%2Caps%2C283&sr=8-2,American Tourister Fizz Large Size 32 Ltrs Casual Backpack (BLACK),,,"55,248 ratings"
https://www.amazon.in/Half-Moon-Backpack-Luggage-Compartment/dp/B09VCLZ3K4/ref=sr_1_3?crid=2M096C61O4MLT&keywords=bags&qid=1692645622&sprefix=ba%2Caps%2C283&sr=8-3,,,,
https://www.amazon.in/sspa/click?ie=UTF8&spc=MTo3MjI4NDk2MDEzMDI5NTk3OjE2OTI2NDU2MjI6c3Bfc2VhcmNoX3RoZW1hdGljOjIwMTUzOTYyNDIxNTk4OjowOjo&url=%2FFUR-JADEN-Anti-Theft-Backpack-Professionals%2Fdp%2FB0C28K6JBP%2Fref%3Dsxin_17_pa_sp_search_thematic_sspa%3Fcontent-id%3Damzn1.sym.ad613068-4e07-4c11-9002-4e34465b1e37%253Aamzn1.sym.ad613068-4e07-4c11-9002-4e34465b1e37%26crid%3D2M096C61O4MLT%26cv_ct_cx%3Dbags%26keywords%3Dbags%26pd_rd_i%3DB0C28K6JBP%26pd_rd_r%3D1801b023-fd69-423c-b79a-e904cfe37fd9%26pd_rd_w%3DK5hHL%26pd_rd_wg%3DlQhzf%26pf_rd_p%3Dad613068-4e07-4c11-9002-4e34465b1e37%26pf_rd_r%3DJMW5HJGRN6FHTZAWNRZ3%26qid%3D1692645622%26sbo%3DRZvfv%252F%252FHxDF%252BO5021pAnSA%253D%253D%26sprefix%3Dba%252Caps%252C283%26sr%3D1-1-0ed3791a-248a-486c-a919-e58e3b366666-spons%26sp_csd%3Dd2lkZ2V0TmFtZT1zcF9zZWFyY2hfdGhlbWF0aWM%26psc%3D1,,,,
https://www.amazon.in/sspa/click?ie=UTF8&spc=MTo3MjI4NDk2MDEzMDI5NTk3OjE2OTI2NDU2MjI6c3Bfc2VhcmNoX3RoZW1hdGljOjIwMDc5NTQzMjQ4MDk4OjoxOjo&url=%2FRed-Lemon-Plus-Travelling-1908%2Fdp%2FB082Y7TZ8Z%2Fref%3Dsxin_17_pa_sp_search_thematic_sspa%3Fcontent-id%3Damzn1.sym.ad613068-4e07-4c11-9002-4e34465b1e37%253Aamzn1.sym.ad613068-4e07-4c11-9002-4e34465b1e37%26crid%3D2M096C61O4MLT%26cv_ct_cx%3Dbags%26keywords%3Dbags%26pd_rd_i%3DB082Y7TZ8Z%26pd_rd_r%3D1801b023-fd69-423c-b79a-e904cfe37fd9%26pd_rd_w%3DK5hHL%26pd_rd_wg%3DlQhzf%26pf_rd_p%3Dad613068-4e07-4c11-9002-4e34465b1e37%26pf_rd_r%3DJMW5HJGRN6FHTZAWNRZ3%26qid%3D1692645622%26sbo%3DRZvfv%252F%252FHxDF%252BO5021pAnSA%253D%253D%26sprefix%3Dba%252Caps%252C283%26sr%3D1-2-0ed3791a-248a-486c-a919-e58e3b366666-spons%26sp_csd%3Dd2lkZ2V0TmFtZT1zcF9zZWFyY2hfdGhlbWF0aWM%26psc%3D1,,,,
https://www.amazon.in/sspa/click?ie=UTF8&spc=MTo3MjI4NDk2MDEzMDI5NTk3OjE2OTI2NDU2MjI6c3Bfc2VhcmNoX3RoZW1hdGljOjMwMDAxMzM0Mjk4MzgzMjo6Mjo6&url=%2FPolice-Polyester-laptop-casual-backpack%2Fdp%2FB09CQ5T3LN%2Fref%3Dsxin_17_pa_sp_search_thematic_sspa%3Fcontent-id%3Damzn1.sym.ad613068-4e07-4c11-9002-4e34465b1e37%253Aamzn1.sym.ad613068-4e07-4c11-9002-4e34465b1e37%26crid%3D2M096C61O4MLT%26cv_ct_cx%3Dbags%26keywords%3Dbags%26pd_rd_i%3DB09CQ5T3LN%26pd_rd_r%3D1801b023-fd69-423c-b79a-e904cfe37fd9%26pd_rd_w%3DK5hHL%26pd_rd_wg%3DlQhzf%26pf_rd_p%3Dad613068-4e07-4c11-9002-4e34465b1e37%26pf_rd_r%3DJMW5HJGRN6FHTZAWNRZ3%26qid%3D1692645622%26sbo%3DRZvfv%252F%252FHxDF%252BO5021pAnSA%253D%253D%26sprefix%3Dba%252Caps%252C283%26sr%3D1-3-0ed3791a-248a-486c-a919-e58e3b366666-spons%26sp_csd%3Dd2lkZ2V0TmFtZT1zcF9zZWFyY2hfdGhlbWF0aWM%26psc%3D1,,,,
https://www.amazon.in/sspa/click?ie=UTF8&spc=MTo3MjI4NDk2MDEzMDI5NTk3OjE2OTI2NDU2MjI6c3Bfc2VhcmNoX3RoZW1hdGljOjIwMTQ1ODQ1MTQ2Nzk4OjozOjo&url=%2FHalf-Moon-Resistant-Backpack-Compartment%2Fdp%2FB0BYW5SH4L%2Fref%3Dsxin_17_pa_sp_search_thematic_sspa%3Fcontent-id%3Damzn1.sym.ad613068-4e07-4c11-9002-4e34465b1e37%253Aamzn1.sym.ad613068-4e07-4c11-9002-4e34465b1e37%26crid%3D2M096C61O4MLT%26cv_ct_cx%3Dbags%26keywords%3Dbags%26pd_rd_i%3DB0BYW5SH4L%26pd_rd_r%3D1801b023-fd69-423c-b79a-e904cfe37fd9%26pd_rd_w%3DK5hHL%26pd_rd_wg%3DlQhzf%26pf_rd_p%3Dad613068-4e07-4c11-9002-4e34465b1e37%26pf_rd_r%3DJMW5HJGRN6FHTZAWNRZ3%26qid%3D1692645622%26sbo%3DRZvfv%252F%252FHxDF%252BO5021pAnSA%253D%253D%26sprefix%3Dba%252Caps%252C283%26sr%3D1-4-0ed3791a-248a-486c-a919-e58e3b366666-spons%26sp_csd%3Dd2lkZ2V0TmFtZT1zcF9zZWFyY2hfdGhlbWF0aWM%26psc%3D1,,,,
https://www.amazon.in/sspa/click?ie=UTF8&spc=MTo3MjI4NDk2MDEzMDI5NTk3OjE2OTI2NDU2MjI6c3Bfc2VhcmNoX3RoZW1hdGljOjIwMTI0NzE4NzIyMzk4Ojo0Ojo&url=%2FBackpack-Charging-Business-Water-resistant-Anti-theft%2Fdp%2FB0B6FRHV7C%2Fref%3Dsxin_17_pa_sp_search_thematic_sspa%3Fcontent-id%3Damzn1.sym.ad613068-4e07-4c11-9002-4e34465b1e37%253Aamzn1.sym.ad613068-4e07-4c11-9002-4e34465b1e37%26crid%3D2M096C61O4MLT%26cv_ct_cx%3Dbags%26keywords%3Dbags%26pd_rd_i%3DB0B6FRHV7C%26pd_rd_r%3D1801b023-fd69-423c-b79a-e904cfe37fd9%26pd_rd_w%3DK5hHL%26pd_rd_wg%3DlQhzf%26pf_rd_p%3Dad613068-4e07-4c11-9002-4e34465b1e37%26pf_rd_r%3DJMW5HJGRN6FHTZAWNRZ3%26qid%3D1692645622%26sbo%3DRZvfv%252F%252FHxDF%252BO5021pAnSA%253D%253D%26sprefix%3Dba%252Caps%252C283%26sr%3D1-5-0ed3791a-248a-486c-a919-e58e3b366666-spons%26sp_csd%3Dd2lkZ2V0TmFtZT1zcF9zZWFyY2hfdGhlbWF0aWM%26psc%3D1,,,,
https://www.amazon.in/Number-Backpack-Compartment-Charging-Organizer/dp/B09VTDMRY7/ref=sr_1_4?crid=2M096C61O4MLT&keywords=bags&qid=1692645622&sprefix=ba%2Caps%2C283&sr=8-4,,,,
https://www.amazon.in/TRUE-HUMAN-Anti-Theft-backpack-charging/dp/B09QJ7ZF2Y/ref=sr_1_5?crid=2M096C61O4MLT&keywords=bags&qid=1692645622&sprefix=ba%2Caps%2C283&sr=8-5,,,,
https://www.amazon.in/Half-Moon-Waterproof-Backpack-Students/dp/B085MHDJ93/ref=sr_1_6?crid=2M096C61O4MLT&keywords=bags&qid=1692645622&sprefix=ba%2Caps%2C283&sr=8-6,,,,
https://www.amazon.in/Half-Moon-Resistant-Backpack-Compartment/dp/B0BJ32LQ6X/ref=sr_1_7?crid=2M096C61O4MLT&keywords=bags&qid=1692645622&sprefix=ba%2Caps%2C283&sr=8-7,,,,
https://www.amazon.in/Rucksack-Travel-Backpack-Trekking-Compartment/dp/B07YDGQQN5/ref=sr_1_8?crid=2M096C61O4MLT&keywords=bags&qid=1692645622&sprefix=ba%2Caps%2C283&sr=8-8,,,,
https://www.amazon.in/Police-Polyester-laptop-casual-backpack/dp/B09CQ5T3LN/ref=sr_1_9?crid=2M096C61O4MLT&keywords=bags&qid=1692645622&sprefix=ba%2Caps%2C283&sr=8-9,,,,
https://www.amazon.in/MosQuick%C2%AE-Drawstring-Organizing-Stationery-multipurpose/dp/B09SB5DP5Y/ref=sxin_25_trfobq2av2_0_B09SB5DP5Y?content-id=amzn1.sym.7abeb195-8e0b-4e74-aede-b7cb234213a5%3Aamzn1.sym.7abeb195-8e0b-4e74-aede-b7cb234213a5&crid=2M096C61O4MLT&cv_ct_cx=bags&keywords=bags&pd_rd_i=B09SB5DP5Y&pd_rd_r=1801b023-fd69-423c-b79a-e904cfe37fd9&pd_rd_w=JQcbt&pd_rd_wg=lQhzf&pf_rd_p=7abeb195-8e0b-4e74-aede-b7cb234213a5&pf_rd_r=JMW5HJGRN6FHTZAWNRZ3&qid=1692645622&sbo=EO%2BcdOgoisx3waG5xqcZQA%3D%3D&sprefix=ba%2Caps%2C283&sr=1-1-973fd8bd-28ce-479e-8be4-fbaf1193947a,,,,
https://www.amazon.in/Amazon-Brand-Presto-Oxo-Biodegradable-Garbage/dp/B0821PYKVK/ref=sxin_25_trfobq2av2_1_B0821PYKVK?content-id=amzn1.sym.7abeb195-8e0b-4e74-aede-b7cb234213a5%3Aamzn1.sym.7abeb195-8e0b-4e74-aede-b7cb234213a5&crid=2M096C61O4MLT&cv_ct_cx=bags&keywords=bags&pd_rd_i=B0821PYKVK&pd_rd_r=1801b023-fd69-423c-b79a-e904cfe37fd9&pd_rd_w=JQcbt&pd_rd_wg=lQhzf&pf_rd_p=7abeb195-8e0b-4e74-aede-b7cb234213a5&pf_rd_r=JMW5HJGRN6FHTZAWNRZ3&qid=1692645622&sbo=RZvfv%2F%2FHxDF%2BO5021pAnSA%3D%3D&sprefix=ba%2Caps%2C283&sr=1-2-973fd8bd-28ce-479e-8be4-fbaf1193947a,,,,
https://www.amazon.in/Amazon-Basics-Laptop-Backpack-Repellent/dp/B09W3XLDM2/ref=sxin_25_trfobq2av2_2_B09W3XLDM2?content-id=amzn1.sym.7abeb195-8e0b-4e74-aede-b7cb234213a5%3Aamzn1.sym.7abeb195-8e0b-4e74-aede-b7cb234213a5&crid=2M096C61O4MLT&cv_ct_cx=bags&keywords=bags&pd_rd_i=B09W3XLDM2&pd_rd_r=1801b023-fd69-423c-b79a-e904cfe37fd9&pd_rd_w=JQcbt&pd_rd_wg=lQhzf&pf_rd_p=7abeb195-8e0b-4e74-aede-b7cb234213a5&pf_rd_r=JMW5HJGRN6FHTZAWNRZ3&qid=1692645622&sbo=RZvfv%2F%2FHxDF%2BO5021pAnSA%3D%3D&sprefix=ba%2Caps%2C283&sr=1-3-973fd8bd-28ce-479e-8be4-fbaf1193947a,,,,
https://www.amazon.in/Backpack-Toddler-Animal-Cartoon-Travel/dp/B08D5RCWV9/ref=sxin_25_trfobq2av2_3_B08D5RCWV9?content-id=amzn1.sym.7abeb195-8e0b-4e74-aede-b7cb234213a5%3Aamzn1.sym.7abeb195-8e0b-4e74-aede-b7cb234213a5&crid=2M096C61O4MLT&cv_ct_cx=bags&keywords=bags&pd_rd_i=B08D5RCWV9&pd_rd_r=1801b023-fd69-423c-b79a-e904cfe37fd9&pd_rd_w=JQcbt&pd_rd_wg=lQhzf&pf_rd_p=7abeb195-8e0b-4e74-aede-b7cb234213a5&pf_rd_r=JMW5HJGRN6FHTZAWNRZ3&qid=1692645622&sbo=RZvfv%2F%2FHxDF%2BO5021pAnSA%3D%3D&sprefix=ba%2Caps%2C283&sr=1-4-973fd8bd-28ce-479e-8be4-fbaf1193947a,,,,
https://www.amazon.in/Amazon-Brand-Solimo-Diaper-Backpack/dp/B08FTHBRPY/ref=sxin_25_trfobq2av2_4_B08FTHBRPY?content-id=amzn1.sym.7abeb195-8e0b-4e74-aede-b7cb234213a5%3Aamzn1.sym.7abeb195-8e0b-4e74-aede-b7cb234213a5&crid=2M096C61O4MLT&cv_ct_cx=bags&keywords=bags&pd_rd_i=B08FTHBRPY&pd_rd_r=1801b023-fd69-423c-b79a-e904cfe37fd9&pd_rd_w=JQcbt&pd_rd_wg=lQhzf&pf_rd_p=7abeb195-8e0b-4e74-aede-b7cb234213a5&pf_rd_r=JMW5HJGRN6FHTZAWNRZ3&qid=1692645622&sbo=RZvfv%2F%2FHxDF%2BO5021pAnSA%3D%3D&sprefix=ba%2Caps%2C283&sr=1-5-973fd8bd-28ce-479e-8be4-fbaf1193947a,,,,
https://www.amazon.in/AmazonBasics-Casual-Backpack-Office-15-6-inch/dp/B09W4VMZ79/ref=sxin_25_trfobq2av2_5_B09W4VMZ79?content-id=amzn1.sym.7abeb195-8e0b-4e74-aede-b7cb234213a5%3Aamzn1.sym.7abeb195-8e0b-4e74-aede-b7cb234213a5&crid=2M096C61O4MLT&cv_ct_cx=bags&keywords=bags&pd_rd_i=B09W4VMZ79&pd_rd_r=1801b023-fd69-423c-b79a-e904cfe37fd9&pd_rd_w=JQcbt&pd_rd_wg=lQhzf&pf_rd_p=7abeb195-8e0b-4e74-aede-b7cb234213a5&pf_rd_r=JMW5HJGRN6FHTZAWNRZ3&qid=1692645622&sbo=RZvfv%2F%2FHxDF%2BO5021pAnSA%3D%3D&sprefix=ba%2Caps%2C283&sr=1-6-973fd8bd-28ce-479e-8be4-fbaf1193947a,,,,
https://www.amazon.in/Dyazo-Backpack-Business-Notebook-computer/dp/B0C7HC675G/ref=sxin_25_trfobq2av2_6_B0C7HC675G?content-id=amzn1.sym.7abeb195-8e0b-4e74-aede-b7cb234213a5%3Aamzn1.sym.7abeb195-8e0b-4e74-aede-b7cb234213a5&crid=2M096C61O4MLT&cv_ct_cx=bags&keywords=bags&pd_rd_i=B0C7HC675G&pd_rd_r=1801b023-fd69-423c-b79a-e904cfe37fd9&pd_rd_w=JQcbt&pd_rd_wg=lQhzf&pf_rd_p=7abeb195-8e0b-4e74-aede-b7cb234213a5&pf_rd_r=JMW5HJGRN6FHTZAWNRZ3&qid=1692645622&sbo=RZvfv%2F%2FHxDF%2BO5021pAnSA%3D%3D&sprefix=ba%2Caps%2C283&sr=1-7-973fd8bd-28ce-479e-8be4-fbaf1193947a,,,,
https://www.amazon.in/School-Backpack-Cartoon-Travel-Toddler/dp/B097NHH5YY/ref=sxin_25_trfobq2av2_7_B097NHH5YY?content-id=amzn1.sym.7abeb195-8e0b-4e74-aede-b7cb234213a5%3Aamzn1.sym.7abeb195-8e0b-4e74-aede-b7cb234213a5&crid=2M096C61O4MLT&cv_ct_cx=bags&keywords=bags&pd_rd_i=B097NHH5YY&pd_rd_r=1801b023-fd69-423c-b79a-e904cfe37fd9&pd_rd_w=JQcbt&pd_rd_wg=lQhzf&pf_rd_p=7abeb195-8e0b-4e74-aede-b7cb234213a5&pf_rd_r=JMW5HJGRN6FHTZAWNRZ3&qid=1692645622&sbo=RZvfv%2F%2FHxDF%2BO5021pAnSA%3D%3D&sprefix=ba%2Caps%2C283&sr=1-8-973fd8bd-28ce-479e-8be4-fbaf1193947a,,,,
https://www.amazon.in/FUR-JADEN-Leatherette-Polypropylene-DUFF05/dp/B07M9BRCQ5/ref=sr_1_10?crid=2M096C61O4MLT&keywords=bags&qid=1692645622&sprefix=ba%2Caps%2C283&sr=8-10,,,,
https://www.amazon.in/GEAR-Black-Blue-Backpack-years/dp/B019HA8AYG/ref=sr_1_11?crid=2M096C61O4MLT&keywords=bags&qid=1692645622&sprefix=ba%2Caps%2C283&sr=8-11,,,,
https://www.amazon.in/SFANE-Duffel-Shoulder-Women-Compartment/dp/B07XXFB9CZ/ref=sr_1_12?crid=2M096C61O4MLT&keywords=bags&qid=1692645622&sprefix=ba%2Caps%2C283&sr=8-12,,,,
https://www.amazon.in/Gear-Classic-Leather-Backpack-LBPCLSLTH0201/dp/B07G4F6XFH/ref=sr_1_13?crid=2M096C61O4MLT&keywords=bags&qid=1692645622&sprefix=ba%2Caps%2C283&sr=8-13,,,,
https://www.amazon.in/Safari-45L-21-OB-BLK/dp/B07BZ5VC4H/ref=sr_1_14?crid=2M096C61O4MLT&keywords=bags&qid=1692645622&sprefix=ba%2Caps%2C283&sr=8-14,,,,
https://www.amazon.in/American-Tourister-BACKPACK-COMPARTMENT-ORGANIZER/dp/B0BTD4FK9G/ref=sr_1_15?crid=2M096C61O4MLT&keywords=bags&qid=1692645622&sprefix=ba%2Caps%2C283&sr=8-15,,,,
https://www.amazon.in/Backpack-Small-Black-Water-Repellant/dp/B088XB5XY8/ref=sr_1_16?crid=2M096C61O4MLT&keywords=bags&qid=1692645622&sprefix=ba%2Caps%2C283&sr=8-16,,,,
https://www.amazon.in/Skybags-Brat-Black-Casual-Backpack/dp/B08Z1HHHTD/ref=sr_1_1?crid=2M096C61O4MLT&keywords=bags&qid=1692645636&sprefix=ba%2Caps%2C283&sr=8-1,,,,
https://www.amazon.in/American-Tourister-AMT-SCH-02/dp/B07CJCGM1M/ref=sr_1_2?crid=2M096C61O4MLT&keywords=bags&qid=1692645636&sprefix=ba%2Caps%2C283&sr=8-2,,,,
https://www.amazon.in/Half-Moon-Backpack-Luggage-Compartment/dp/B09VCLZ3K4/ref=sr_1_3?crid=2M096C61O4MLT&keywords=bags&qid=1692645636&sprefix=ba%2Caps%2C283&sr=8-3,,,,
https://www.amazon.in/MosQuick%C2%AE-Drawstring-Organizing-Stationery-multipurpose/dp/B09SB5DP5Y/ref=sxin_17_trfobq2av2_0_B09SB5DP5Y?content-id=amzn1.sym.7abeb195-8e0b-4e74-aede-b7cb234213a5%3Aamzn1.sym.7abeb195-8e0b-4e74-aede-b7cb234213a5&crid=2M096C61O4MLT&cv_ct_cx=bags&keywords=bags&pd_rd_i=B09SB5DP5Y&pd_rd_r=2508991d-5679-404d-a737-f4611ed148ab&pd_rd_w=IAqvv&pd_rd_wg=771Yy&pf_rd_p=7abeb195-8e0b-4e74-aede-b7cb234213a5&pf_rd_r=1T7TMTX7126ARJYJ9GNY&qid=1692645636&sbo=EO%2BcdOgoisx3waG5xqcZQA%3D%3D&sprefix=ba%2Caps%2C283&sr=1-1-973fd8bd-28ce-479e-8be4-fbaf1193947a,,,,
https://www.amazon.in/Amazon-Brand-Presto-Oxo-Biodegradable-Garbage/dp/B0821PYKVK/ref=sxin_17_trfobq2av2_1_B0821PYKVK?content-id=amzn1.sym.7abeb195-8e0b-4e74-aede-b7cb234213a5%3Aamzn1.sym.7abeb195-8e0b-4e74-aede-b7cb234213a5&crid=2M096C61O4MLT&cv_ct_cx=bags&keywords=bags&pd_rd_i=B0821PYKVK&pd_rd_r=2508991d-5679-404d-a737-f4611ed148ab&pd_rd_w=IAqvv&pd_rd_wg=771Yy&pf_rd_p=7abeb195-8e0b-4e74-aede-b7cb234213a5&pf_rd_r=1T7TMTX7126ARJYJ9GNY&qid=1692645636&sbo=RZvfv%2F%2FHxDF%2BO5021pAnSA%3D%3D&sprefix=ba%2Caps%2C283&sr=1-2-973fd8bd-28ce-479e-8be4-fbaf1193947a,,,,
https://www.amazon.in/Amazon-Basics-Laptop-Backpack-Repellent/dp/B09W3XLDM2/ref=sxin_17_trfobq2av2_2_B09W3XLDM2?content-id=amzn1.sym.7abeb195-8e0b-4e74-aede-b7cb234213a5%3Aamzn1.sym.7abeb195-8e0b-4e74-aede-b7cb234213a5&crid=2M096C61O4MLT&cv_ct_cx=bags&keywords=bags&pd_rd_i=B09W3XLDM2&pd_rd_r=2508991d-5679-404d-a737-f4611ed148ab&pd_rd_w=IAqvv&pd_rd_wg=771Yy&pf_rd_p=7abeb195-8e0b-4e74-aede-b7cb234213a5&pf_rd_r=1T7TMTX7126ARJYJ9GNY&qid=1692645636&sbo=RZvfv%2F%2FHxDF%2BO5021pAnSA%3D%3D&sprefix=ba%2Caps%2C283&sr=1-3-973fd8bd-28ce-479e-8be4-fbaf1193947a,,,,
https://www.amazon.in/Backpack-Toddler-Animal-Cartoon-Travel/dp/B08D5RCWV9/ref=sxin_17_trfobq2av2_3_B08D5RCWV9?content-id=amzn1.sym.7abeb195-8e0b-4e74-aede-b7cb234213a5%3Aamzn1.sym.7abeb195-8e0b-4e74-aede-b7cb234213a5&crid=2M096C61O4MLT&cv_ct_cx=bags&keywords=bags&pd_rd_i=B08D5RCWV9&pd_rd_r=2508991d-5679-404d-a737-f4611ed148ab&pd_rd_w=IAqvv&pd_rd_wg=771Yy&pf_rd_p=7abeb195-8e0b-4e74-aede-b7cb234213a5&pf_rd_r=1T7TMTX7126ARJYJ9GNY&qid=1692645636&sbo=RZvfv%2F%2FHxDF%2BO5021pAnSA%3D%3D&sprefix=ba%2Caps%2C283&sr=1-4-973fd8bd-28ce-479e-8be4-fbaf1193947a,,,,
https://www.amazon.in/Amazon-Brand-Solimo-Diaper-Backpack/dp/B08FTHBRPY/ref=sxin_17_trfobq2av2_4_B08FTHBRPY?content-id=amzn1.sym.7abeb195-8e0b-4e74-aede-b7cb234213a5%3Aamzn1.sym.7abeb195-8e0b-4e74-aede-b7cb234213a5&crid=2M096C61O4MLT&cv_ct_cx=bags&keywords=bags&pd_rd_i=B08FTHBRPY&pd_rd_r=2508991d-5679-404d-a737-f4611ed148ab&pd_rd_w=IAqvv&pd_rd_wg=771Yy&pf_rd_p=7abeb195-8e0b-4e74-aede-b7cb234213a5&pf_rd_r=1T7TMTX7126ARJYJ9GNY&qid=1692645636&sbo=RZvfv%2F%2FHxDF%2BO5021pAnSA%3D%3D&sprefix=ba%2Caps%2C283&sr=1-5-973fd8bd-28ce-479e-8be4-fbaf1193947a,,,,
https://www.amazon.in/AmazonBasics-Casual-Backpack-Office-15-6-inch/dp/B09W4VMZ79/ref=sxin_17_trfobq2av2_5_B09W4VMZ79?content-id=amzn1.sym.7abeb195-8e0b-4e74-aede-b7cb234213a5%3Aamzn1.sym.7abeb195-8e0b-4e74-aede-b7cb234213a5&crid=2M096C61O4MLT&cv_ct_cx=bags&keywords=bags&pd_rd_i=B09W4VMZ79&pd_rd_r=2508991d-5679-404d-a737-f4611ed148ab&pd_rd_w=IAqvv&pd_rd_wg=771Yy&pf_rd_p=7abeb195-8e0b-4e74-aede-b7cb234213a5&pf_rd_r=1T7TMTX7126ARJYJ9GNY&qid=1692645636&sbo=RZvfv%2F%2FHxDF%2BO5021pAnSA%3D%3D&sprefix=ba%2Caps%2C283&sr=1-6-973fd8bd-28ce-479e-8be4-fbaf1193947a,,,,
https://www.amazon.in/Dyazo-Backpack-Business-Notebook-computer/dp/B0C7HC675G/ref=sxin_17_trfobq2av2_6_B0C7HC675G?content-id=amzn1.sym.7abeb195-8e0b-4e74-aede-b7cb234213a5%3Aamzn1.sym.7abeb195-8e0b-4e74-aede-b7cb234213a5&crid=2M096C61O4MLT&cv_ct_cx=bags&keywords=bags&pd_rd_i=B0C7HC675G&pd_rd_r=2508991d-5679-404d-a737-f4611ed148ab&pd_rd_w=IAqvv&pd_rd_wg=771Yy&pf_rd_p=7abeb195-8e0b-4e74-aede-b7cb234213a5&pf_rd_r=1T7TMTX7126ARJYJ9GNY&qid=1692645636&sbo=RZvfv%2F%2FHxDF%2BO5021pAnSA%3D%3D&sprefix=ba%2Caps%2C283&sr=1-7-973fd8bd-28ce-479e-8be4-fbaf1193947a,,,,
https://www.amazon.in/School-Backpack-Cartoon-Travel-Toddler/dp/B097NHH5YY/ref=sxin_17_trfobq2av2_7_B097NHH5YY?content-id=amzn1.sym.7abeb195-8e0b-4e74-aede-b7cb234213a5%3Aamzn1.sym.7abeb195-8e0b-4e74-aede-b7cb234213a5&crid=2M096C61O4MLT&cv_ct_cx=bags&keywords=bags&pd_rd_i=B097NHH5YY&pd_rd_r=2508991d-5679-404d-a737-f4611ed148ab&pd_rd_w=IAqvv&pd_rd_wg=771Yy&pf_rd_p=7abeb195-8e0b-4e74-aede-b7cb234213a5&pf_rd_r=1T7TMTX7126ARJYJ9GNY&qid=1692645636&sbo=RZvfv%2F%2FHxDF%2BO5021pAnSA%3D%3D&sprefix=ba%2Caps%2C283&sr=1-8-973fd8bd-28ce-479e-8be4-fbaf1193947a,,,,
https://www.amazon.in/Number-Backpack-Compartment-Charging-Organizer/dp/B09VTDMRY7/ref=sr_1_4?crid=2M096C61O4MLT&keywords=bags&qid=1692645636&sprefix=ba%2Caps%2C283&sr=8-4,,,,
https://www.amazon.in/TRUE-HUMAN-Anti-Theft-backpack-charging/dp/B09QJ7ZF2Y/ref=sr_1_5?crid=2M096C61O4MLT&keywords=bags&qid=1692645636&sprefix=ba%2Caps%2C283&sr=8-5,,,,
https://www.amazon.in/Half-Moon-Waterproof-Backpack-Students/dp/B085MHDJ93/ref=sr_1_6?crid=2M096C61O4MLT&keywords=bags&qid=1692645636&sprefix=ba%2Caps%2C283&sr=8-6,,,,
https://www.amazon.in/Half-Moon-Resistant-Backpack-Compartment/dp/B0BJ32LQ6X/ref=sr_1_7?crid=2M096C61O4MLT&keywords=bags&qid=1692645636&sprefix=ba%2Caps%2C283&sr=8-7,,,,
https://www.amazon.in/Rucksack-Travel-Backpack-Trekking-Compartment/dp/B07YDGQQN5/ref=sr_1_8?crid=2M096C61O4MLT&keywords=bags&qid=1692645636&sprefix=ba%2Caps%2C283&sr=8-8,,,,
https://www.amazon.in/Police-Polyester-laptop-casual-backpack/dp/B09CQ5T3LN/ref=sr_1_9?crid=2M096C61O4MLT&keywords=bags&qid=1692645636&sprefix=ba%2Caps%2C283&sr=8-9,,,,
https://www.amazon.in/FUR-JADEN-Leatherette-Polypropylene-DUFF05/dp/B07M9BRCQ5/ref=sr_1_10?crid=2M096C61O4MLT&keywords=bags&qid=1692645636&sprefix=ba%2Caps%2C283&sr=8-10,,,,
https://www.amazon.in/GEAR-Black-Blue-Backpack-years/dp/B019HA8AYG/ref=sr_1_11?crid=2M096C61O4MLT&keywords=bags&qid=1692645636&sprefix=ba%2Caps%2C283&sr=8-11,,,,
https://www.amazon.in/Gear-Classic-Leather-Backpack-LBPCLSLTH0201/dp/B07G4F6XFH/ref=sr_1_12?crid=2M096C61O4MLT&keywords=bags&qid=1692645636&sprefix=ba%2Caps%2C283&sr=8-12,,,,
https://www.amazon.in/Safari-45L-21-OB-BLK/dp/B07BZ5VC4H/ref=sr_1_13?crid=2M096C61O4MLT&keywords=bags&qid=1692645636&sprefix=ba%2Caps%2C283&sr=8-13,,,,
https://www.amazon.in/American-Tourister-BACKPACK-COMPARTMENT-ORGANIZER/dp/B0BTD4FK9G/ref=sr_1_14?crid=2M096C61O4MLT&keywords=bags&qid=1692645636&sprefix=ba%2Caps%2C283&sr=8-14,,,,
https://www.amazon.in/SFANE-Duffel-Shoulder-Women-Compartment/dp/B07XXFB9CZ/ref=sr_1_15?crid=2M096C61O4MLT&keywords=bags&qid=1692645636&sprefix=ba%2Caps%2C283&sr=8-15,,,,
https://www.amazon.in/Backpack-Small-Black-Water-Repellant/dp/B088XB5XY8/ref=sr_1_16?crid=2M096C61O4MLT&keywords=bags&qid=1692645636&sprefix=ba%2Caps%2C283&sr=8-16,,,,
https://www.amazon.in/Skybags-Brat-Black-Casual-Backpack/dp/B08Z1HHHTD/ref=sr_1_1?crid=2M096C61O4MLT&keywords=bags&qid=1692645645&sprefix=ba%2Caps%2C283&sr=8-1,,,,
https://www.amazon.in/American-Tourister-AMT-SCH-02/dp/B07CJCGM1M/ref=sr_1_2?crid=2M096C61O4MLT&keywords=bags&qid=1692645645&sprefix=ba%2Caps%2C283&sr=8-2,,,,
https://www.amazon.in/Half-Moon-Backpack-Luggage-Compartment/dp/B09VCLZ3K4/ref=sr_1_3?crid=2M096C61O4MLT&keywords=bags&qid=1692645645&sprefix=ba%2Caps%2C283&sr=8-3,,,,
https://www.amazon.in/MosQuick%C2%AE-Drawstring-Organizing-Stationery-multipurpose/dp/B09SB5DP5Y/ref=sxin_17_trfobq2av2_0_B09SB5DP5Y?content-id=amzn1.sym.7abeb195-8e0b-4e74-aede-b7cb234213a5%3Aamzn1.sym.7abeb195-8e0b-4e74-aede-b7cb234213a5&crid=2M096C61O4MLT&cv_ct_cx=bags&keywords=bags&pd_rd_i=B09SB5DP5Y&pd_rd_r=ec48c85f-c505-4dbd-a365-23e207183269&pd_rd_w=8PTlZ&pd_rd_wg=NF0fq&pf_rd_p=7abeb195-8e0b-4e74-aede-b7cb234213a5&pf_rd_r=VDVFH7HKB5EXD5T7WRN3&qid=1692645645&sbo=EO%2BcdOgoisx3waG5xqcZQA%3D%3D&sprefix=ba%2Caps%2C283&sr=1-1-973fd8bd-28ce-479e-8be4-fbaf1193947a,,,,
https://www.amazon.in/Amazon-Brand-Presto-Oxo-Biodegradable-Garbage/dp/B0821PYKVK/ref=sxin_17_trfobq2av2_1_B0821PYKVK?content-id=amzn1.sym.7abeb195-8e0b-4e74-aede-b7cb234213a5%3Aamzn1.sym.7abeb195-8e0b-4e74-aede-b7cb234213a5&crid=2M096C61O4MLT&cv_ct_cx=bags&keywords=bags&pd_rd_i=B0821PYKVK&pd_rd_r=ec48c85f-c505-4dbd-a365-23e207183269&pd_rd_w=8PTlZ&pd_rd_wg=NF0fq&pf_rd_p=7abeb195-8e0b-4e74-aede-b7cb234213a5&pf_rd_r=VDVFH7HKB5EXD5T7WRN3&qid=1692645645&sbo=RZvfv%2F%2FHxDF%2BO5021pAnSA%3D%3D&sprefix=ba%2Caps%2C283&sr=1-2-973fd8bd-28ce-479e-8be4-fbaf1193947a,,,,
https://www.amazon.in/Amazon-Basics-Laptop-Backpack-Repellent/dp/B09W3XLDM2/ref=sxin_17_trfobq2av2_2_B09W3XLDM2?content-id=amzn1.sym.7abeb195-8e0b-4e74-aede-b7cb234213a5%3Aamzn1.sym.7abeb195-8e0b-4e74-aede-b7cb234213a5&crid=2M096C61O4MLT&cv_ct_cx=bags&keywords=bags&pd_rd_i=B09W3XLDM2&pd_rd_r=ec48c85f-c505-4dbd-a365-23e207183269&pd_rd_w=8PTlZ&pd_rd_wg=NF0fq&pf_rd_p=7abeb195-8e0b-4e74-aede-b7cb234213a5&pf_rd_r=VDVFH7HKB5EXD5T7WRN3&qid=1692645645&sbo=RZvfv%2F%2FHxDF%2BO5021pAnSA%3D%3D&sprefix=ba%2Caps%2C283&sr=1-3-973fd8bd-28ce-479e-8be4-fbaf1193947a,,,,
https://www.amazon.in/Backpack-Toddler-Animal-Cartoon-Travel/dp/B08D5RCWV9/ref=sxin_17_trfobq2av2_3_B08D5RCWV9?content-id=amzn1.sym.7abeb195-8e0b-4e74-aede-b7cb234213a5%3Aamzn1.sym.7abeb195-8e0b-4e74-aede-b7cb234213a5&crid=2M096C61O4MLT&cv_ct_cx=bags&keywords=bags&pd_rd_i=B08D5RCWV9&pd_rd_r=ec48c85f-c505-4dbd-a365-23e207183269&pd_rd_w=8PTlZ&pd_rd_wg=NF0fq&pf_rd_p=7abeb195-8e0b-4e74-aede-b7cb234213a5&pf_rd_r=VDVFH7HKB5EXD5T7WRN3&qid=1692645645&sbo=RZvfv%2F%2FHxDF%2BO5021pAnSA%3D%3D&sprefix=ba%2Caps%2C283&sr=1-4-973fd8bd-28ce-479e-8be4-fbaf1193947a,Blue Tree Kids Backpack Mini Travel Bag 1-6 Years COW,,4.0 out of 5 stars,385 ratings
https://www.amazon.in/Amazon-Brand-Solimo-Diaper-Backpack/dp/B08FTHBRPY/ref=sxin_17_trfobq2av2_4_B08FTHBRPY?content-id=amzn1.sym.7abeb195-8e0b-4e74-aede-b7cb234213a5%3Aamzn1.sym.7abeb195-8e0b-4e74-aede-b7cb234213a5&crid=2M096C61O4MLT&cv_ct_cx=bags&keywords=bags&pd_rd_i=B08FTHBRPY&pd_rd_r=ec48c85f-c505-4dbd-a365-23e207183269&pd_rd_w=8PTlZ&pd_rd_wg=NF0fq&pf_rd_p=7abeb195-8e0b-4e74-aede-b7cb234213a5&pf_rd_r=VDVFH7HKB5EXD5T7WRN3&qid=1692645645&sbo=RZvfv%2F%2FHxDF%2BO5021pAnSA%3D%3D&sprefix=ba%2Caps%2C283&sr=1-5-973fd8bd-28ce-479e-8be4-fbaf1193947a,,,,
https://www.amazon.in/AmazonBasics-Casual-Backpack-Office-15-6-inch/dp/B09W4VMZ79/ref=sxin_17_trfobq2av2_5_B09W4VMZ79?content-id=amzn1.sym.7abeb195-8e0b-4e74-aede-b7cb234213a5%3Aamzn1.sym.7abeb195-8e0b-4e74-aede-b7cb234213a5&crid=2M096C61O4MLT&cv_ct_cx=bags&keywords=bags&pd_rd_i=B09W4VMZ79&pd_rd_r=ec48c85f-c505-4dbd-a365-23e207183269&pd_rd_w=8PTlZ&pd_rd_wg=NF0fq&pf_rd_p=7abeb195-8e0b-4e74-aede-b7cb234213a5&pf_rd_r=VDVFH7HKB5EXD5T7WRN3&qid=1692645645&sbo=RZvfv%2F%2FHxDF%2BO5021pAnSA%3D%3D&sprefix=ba%2Caps%2C283&sr=1-6-973fd8bd-28ce-479e-8be4-fbaf1193947a,,,,
https://www.amazon.in/Dyazo-Backpack-Business-Notebook-computer/dp/B0C7HC675G/ref=sxin_17_trfobq2av2_6_B0C7HC675G?content-id=amzn1.sym.7abeb195-8e0b-4e74-aede-b7cb234213a5%3Aamzn1.sym.7abeb195-8e0b-4e74-aede-b7cb234213a5&crid=2M096C61O4MLT&cv_ct_cx=bags&keywords=bags&pd_rd_i=B0C7HC675G&pd_rd_r=ec48c85f-c505-4dbd-a365-23e207183269&pd_rd_w=8PTlZ&pd_rd_wg=NF0fq&pf_rd_p=7abeb195-8e0b-4e74-aede-b7cb234213a5&pf_rd_r=VDVFH7HKB5EXD5T7WRN3&qid=1692645645&sbo=RZvfv%2F%2FHxDF%2BO5021pAnSA%3D%3D&sprefix=ba%2Caps%2C283&sr=1-7-973fd8bd-28ce-479e-8be4-fbaf1193947a,,,,
https://www.amazon.in/School-Backpack-Cartoon-Travel-Toddler/dp/B097NHH5YY/ref=sxin_17_trfobq2av2_7_B097NHH5YY?content-id=amzn1.sym.7abeb195-8e0b-4e74-aede-b7cb234213a5%3Aamzn1.sym.7abeb195-8e0b-4e74-aede-b7cb234213a5&crid=2M096C61O4MLT&cv_ct_cx=bags&keywords=bags&pd_rd_i=B097NHH5YY&pd_rd_r=ec48c85f-c505-4dbd-a365-23e207183269&pd_rd_w=8PTlZ&pd_rd_wg=NF0fq&pf_rd_p=7abeb195-8e0b-4e74-aede-b7cb234213a5&pf_rd_r=VDVFH7HKB5EXD5T7WRN3&qid=1692645645&sbo=RZvfv%2F%2FHxDF%2BO5021pAnSA%3D%3D&sprefix=ba%2Caps%2C283&sr=1-8-973fd8bd-28ce-479e-8be4-fbaf1193947a,,,,
https://www.amazon.in/Number-Backpack-Compartment-Charging-Organizer/dp/B09VTDMRY7/ref=sr_1_4?crid=2M096C61O4MLT&keywords=bags&qid=1692645645&sprefix=ba%2Caps%2C283&sr=8-4,,,,
https://www.amazon.in/TRUE-HUMAN-Anti-Theft-backpack-charging/dp/B09QJ7ZF2Y/ref=sr_1_5?crid=2M096C61O4MLT&keywords=bags&qid=1692645645&sprefix=ba%2Caps%2C283&sr=8-5,,,,
https://www.amazon.in/Half-Moon-Waterproof-Backpack-Students/dp/B085MHDJ93/ref=sr_1_6?crid=2M096C61O4MLT&keywords=bags&qid=1692645645&sprefix=ba%2Caps%2C283&sr=8-6,,,,
https://www.amazon.in/Half-Moon-Resistant-Backpack-Compartment/dp/B0BJ32LQ6X/ref=sr_1_7?crid=2M096C61O4MLT&keywords=bags&qid=1692645645&sprefix=ba%2Caps%2C283&sr=8-7,,,,
https://www.amazon.in/Rucksack-Travel-Backpack-Trekking-Compartment/dp/B07YDGQQN5/ref=sr_1_8?crid=2M096C61O4MLT&keywords=bags&qid=1692645645&sprefix=ba%2Caps%2C283&sr=8-8,,,,
https://www.amazon.in/Police-Polyester-laptop-casual-backpack/dp/B09CQ5T3LN/ref=sr_1_9?crid=2M096C61O4MLT&keywords=bags&qid=1692645645&sprefix=ba%2Caps%2C283&sr=8-9,,,,
https://www.amazon.in/FUR-JADEN-Leatherette-Polypropylene-DUFF05/dp/B07M9BRCQ5/ref=sr_1_10?crid=2M096C61O4MLT&keywords=bags&qid=1692645645&sprefix=ba%2Caps%2C283&sr=8-10,,,,
https://www.amazon.in/GEAR-Black-Blue-Backpack-years/dp/B019HA8AYG/ref=sr_1_11?crid=2M096C61O4MLT&keywords=bags&qid=1692645645&sprefix=ba%2Caps%2C283&sr=8-11,Gear CarryOn 16L Foldable Water Resistant School Bag//Backpack/College Bag for Men/Women - Blue Black,,,"7,050 ratings"
https://www.amazon.in/Gear-Classic-Leather-Backpack-LBPCLSLTH0201/dp/B07G4F6XFH/ref=sr_1_12?crid=2M096C61O4MLT&keywords=bags&qid=1692645645&sprefix=ba%2Caps%2C283&sr=8-12,,,,
https://www.amazon.in/Safari-45L-21-OB-BLK/dp/B07BZ5VC4H/ref=sr_1_13?crid=2M096C61O4MLT&keywords=bags&qid=1692645645&sprefix=ba%2Caps%2C283&sr=8-13,,,,
https://www.amazon.in/American-Tourister-BACKPACK-COMPARTMENT-ORGANIZER/dp/B0BTD4FK9G/ref=sr_1_14?crid=2M096C61O4MLT&keywords=bags&qid=1692645645&sprefix=ba%2Caps%2C283&sr=8-14,,,,
https://www.amazon.in/SFANE-Duffel-Shoulder-Women-Compartment/dp/B07XXFB9CZ/ref=sr_1_15?crid=2M096C61O4MLT&keywords=bags&qid=1692645645&sprefix=ba%2Caps%2C283&sr=8-15,,,,
https://www.amazon.in/Backpack-Small-Black-Water-Repellant/dp/B088XB5XY8/ref=sr_1_16?crid=2M096C61O4MLT&keywords=bags&qid=1692645645&sprefix=ba%2Caps%2C283&sr=8-16,,,,
https://www.amazon.in/sspa/click?ie=UTF8&spc=MToyMjAyNTIxODcwNzM0NTk3OjE2OTI2NDU2NDU6c3Bfc2VhcmNoX3RoZW1hdGljOjMwMDAxMzcyMzI4NDgzMjo6MDo6&url=%2FArctic-Fox-Liters-Laptop-Backpack%2Fdp%2FB08DD7PWD3%2Fref%3Dsxbs_pa_sp_search_thematic_sspa%3Fcontent-id%3Damzn1.sym.8ea8b837-e8d5-4d1c-96e0-6db92bafe572%253Aamzn1.sym.8ea8b837-e8d5-4d1c-96e0-6db92bafe572%26crid%3D2M096C61O4MLT%26cv_ct_cx%3Dbags%26keywords%3Dbags%26pd_rd_i%3DB08DD7PWD3%26pd_rd_r%3D050a85f0-ea4e-477a-befe-1240b1b3f828%26pd_rd_w%3DSSEwu%26pd_rd_wg%3D9hZBl%26pf_rd_p%3D8ea8b837-e8d5-4d1c-96e0-6db92bafe572%26pf_rd_r%3DVDVFH7HKB5EXD5T7WRN3%26qid%3D1692645645%26sbo%3DRZvfv%252F%252FHxDF%252BO5021pAnSA%253D%253D%26sprefix%3Dba%252Caps%252C283%26sr%3D1-1-5305f254-094d-43e2-b889-464ddb5d65bb-spons%26sp_csd%3Dd2lkZ2V0TmFtZT1zcF9zZWFyY2hfdGhlbWF0aWM%26psc%3D1,,,,
https://www.amazon.in/sspa/click?ie=UTF8&spc=MToyMjAyNTIxODcwNzM0NTk3OjE2OTI2NDU2NDU6c3Bfc2VhcmNoX3RoZW1hdGljOjMwMDAxMzcyMzI4NTEzMjo6MTo6&url=%2FArctic-Fox-Griffin-Backpack-Charging%2Fdp%2FB08RRYV8RX%2Fref%3Dsxbs_pa_sp_search_thematic_sspa%3Fcontent-id%3Damzn1.sym.8ea8b837-e8d5-4d1c-96e0-6db92bafe572%253Aamzn1.sym.8ea8b837-e8d5-4d1c-96e0-6db92bafe572%26crid%3D2M096C61O4MLT%26cv_ct_cx%3Dbags%26keywords%3Dbags%26pd_rd_i%3DB08RRYV8RX%26pd_rd_r%3D050a85f0-ea4e-477a-befe-1240b1b3f828%26pd_rd_w%3DSSEwu%26pd_rd_wg%3D9hZBl%26pf_rd_p%3D8ea8b837-e8d5-4d1c-96e0-6db92bafe572%26pf_rd_r%3DVDVFH7HKB5EXD5T7WRN3%26qid%3D1692645645%26sbo%3DRZvfv%252F%252FHxDF%252BO5021pAnSA%253D%253D%26sprefix%3Dba%252Caps%252C283%26sr%3D1-2-5305f254-094d-43e2-b889-464ddb5d65bb-spons%26sp_csd%3Dd2lkZ2V0TmFtZT1zcF9zZWFyY2hfdGhlbWF0aWM%26psc%3D1,,,,
https://www.amazon.in/Arctic-Fox-Backpack-Charging-Laptop/dp/B089QB6D7B/ref=sxbs_pa_sp_search_thematic_mod_primary_new?content-id=amzn1.sym.8ea8b837-e8d5-4d1c-96e0-6db92bafe572%3Aamzn1.sym.8ea8b837-e8d5-4d1c-96e0-6db92bafe572&crid=2M096C61O4MLT&cv_ct_cx=bags&keywords=bags&pd_rd_i=B089QB6D7B&pd_rd_r=050a85f0-ea4e-477a-befe-1240b1b3f828&pd_rd_w=SSEwu&pd_rd_wg=9hZBl&pf_rd_p=8ea8b837-e8d5-4d1c-96e0-6db92bafe572&pf_rd_r=VDVFH7HKB5EXD5T7WRN3&qid=1692645645&sbo=RZvfv%2F%2FHxDF%2BO5021pAnSA%3D%3D&sbo=RZvfv%2F%2FHxDF%2BO5021pAnSA%3D%3D&sprefix=ba%2Caps%2C283&sr=1-3-5305f254-094d-43e2-b889-464ddb5d65bb,,,,
https://www.amazon.in/sspa/click?ie=UTF8&spc=MToyMjAyNTIxODcwNzM0NTk3OjE2OTI2NDU2NDU6c3Bfc2VhcmNoX3RoZW1hdGljOjMwMDAxMzcyMzI5MjczMjo6Mzo6&url=%2FArctic-Fox-Maverick-Castel-Backpack%2Fdp%2FB0BZVK114M%2Fref%3Dsxbs_pa_sp_search_thematic_sspa%3Fcontent-id%3Damzn1.sym.8ea8b837-e8d5-4d1c-96e0-6db92bafe572%253Aamzn1.sym.8ea8b837-e8d5-4d1c-96e0-6db92bafe572%26crid%3D2M096C61O4MLT%26cv_ct_cx%3Dbags%26keywords%3Dbags%26pd_rd_i%3DB0BZVK114M%26pd_rd_r%3D050a85f0-ea4e-477a-befe-1240b1b3f828%26pd_rd_w%3DSSEwu%26pd_rd_wg%3D9hZBl%26pf_rd_p%3D8ea8b837-e8d5-4d1c-96e0-6db92bafe572%26pf_rd_r%3DVDVFH7HKB5EXD5T7WRN3%26qid%3D1692645645%26sbo%3DRZvfv%252F%252FHxDF%252BO5021pAnSA%253D%253D%26sprefix%3Dba%252Caps%252C283%26sr%3D1-4-5305f254-094d-43e2-b889-464ddb5d65bb-spons%26sp_csd%3Dd2lkZ2V0TmFtZT1zcF9zZWFyY2hfdGhlbWF0aWM%26psc%3D1,,,,
https://www.amazon.in/sspa/click?ie=UTF8&spc=MToyMjAyNTIxODcwNzM0NTk3OjE2OTI2NDU2NDU6c3Bfc2VhcmNoX3RoZW1hdGljOjMwMDAxMzcyNTM1MDYzMjo6NDo6&url=%2FArctic-Fox-Maverick-Laptop-Backpack%2Fdp%2FB0BZVJ4Z68%2Fref%3Dsxbs_pa_sp_search_thematic_sspa%3Fcontent-id%3Damzn1.sym.8ea8b837-e8d5-4d1c-96e0-6db92bafe572%253Aamzn1.sym.8ea8b837-e8d5-4d1c-96e0-6db92bafe572%26crid%3D2M096C61O4MLT%26cv_ct_cx%3Dbags%26keywords%3Dbags%26pd_rd_i%3DB0BZVJ4Z68%26pd_rd_r%3D050a85f0-ea4e-477a-befe-1240b1b3f828%26pd_rd_w%3DSSEwu%26pd_rd_wg%3D9hZBl%26pf_rd_p%3D8ea8b837-e8d5-4d1c-96e0-6db92bafe572%26pf_rd_r%3DVDVFH7HKB5EXD5T7WRN3%26qid%3D1692645645%26sbo%3DRZvfv%252F%252FHxDF%252BO5021pAnSA%253D%253D%26sprefix%3Dba%252Caps%252C283%26sr%3D1-5-5305f254-094d-43e2-b889-464ddb5d65bb-spons%26sp_csd%3Dd2lkZ2V0TmFtZT1zcF9zZWFyY2hfdGhlbWF0aWM%26psc%3D1,,,,
https://www.amazon.in/Skybags-Brat-Black-Casual-Backpack/dp/B08Z1HHHTD/ref=sr_1_1?crid=2M096C61O4MLT&keywords=bags&qid=1692645662&sprefix=ba%2Caps%2C283&sr=8-1,,,,
https://www.amazon.in/American-Tourister-AMT-SCH-02/dp/B07CJCGM1M/ref=sr_1_2?crid=2M096C61O4MLT&keywords=bags&qid=1692645662&sprefix=ba%2Caps%2C283&sr=8-2,,,,
https://www.amazon.in/Half-Moon-Backpack-Luggage-Compartment/dp/B09VCLZ3K4/ref=sr_1_3?crid=2M096C61O4MLT&keywords=bags&qid=1692645662&sprefix=ba%2Caps%2C283&sr=8-3,,,,
https://www.amazon.in/sspa/click?ie=UTF8&spc=MTo4OTAzNDUyNTUzOTU5NzoxNjkyNjQ1NjYyOnNwX3NlYXJjaF90aGVtYXRpYzozMDAwMTM3MjMyODQ4MzI6OjA6Og&url=%2FArctic-Fox-Liters-Laptop-Backpack%2Fdp%2FB08DD7PWD3%2Fref%3Dsxin_17_pa_sp_search_thematic_sspa%3Fcontent-id%3Damzn1.sym.ad613068-4e07-4c11-9002-4e34465b1e37%253Aamzn1.sym.ad613068-4e07-4c11-9002-4e34465b1e37%26crid%3D2M096C61O4MLT%26cv_ct_cx%3Dbags%26keywords%3Dbags%26pd_rd_i%3DB08DD7PWD3%26pd_rd_r%3Dc83ccb01-ffbf-4514-b1d4-34d4ed716fe7%26pd_rd_w%3DbxmTm%26pd_rd_wg%3DIc4mT%26pf_rd_p%3Dad613068-4e07-4c11-9002-4e34465b1e37%26pf_rd_r%3D0EJDE115XEWN77ZPEER4%26qid%3D1692645662%26sbo%3DRZvfv%252F%252FHxDF%252BO5021pAnSA%253D%253D%26sprefix%3Dba%252Caps%252C283%26sr%3D1-1-0ed3791a-248a-486c-a919-e58e3b366666-spons%26sp_csd%3Dd2lkZ2V0TmFtZT1zcF9zZWFyY2hfdGhlbWF0aWM%26psc%3D1,,,,
https://www.amazon.in/sspa/click?ie=UTF8&spc=MTo4OTAzNDUyNTUzOTU5NzoxNjkyNjQ1NjYyOnNwX3NlYXJjaF90aGVtYXRpYzozMDAwMTM3MjMyODUxMzI6OjE6Og&url=%2FArctic-Fox-Griffin-Backpack-Charging%2Fdp%2FB08RRYV8RX%2Fref%3Dsxin_17_pa_sp_search_thematic_sspa%3Fcontent-id%3Damzn1.sym.ad613068-4e07-4c11-9002-4e34465b1e37%253Aamzn1.sym.ad613068-4e07-4c11-9002-4e34465b1e37%26crid%3D2M096C61O4MLT%26cv_ct_cx%3Dbags%26keywords%3Dbags%26pd_rd_i%3DB08RRYV8RX%26pd_rd_r%3Dc83ccb01-ffbf-4514-b1d4-34d4ed716fe7%26pd_rd_w%3DbxmTm%26pd_rd_wg%3DIc4mT%26pf_rd_p%3Dad613068-4e07-4c11-9002-4e34465b1e37%26pf_rd_r%3D0EJDE115XEWN77ZPEER4%26qid%3D1692645662%26sbo%3DRZvfv%252F%252FHxDF%252BO5021pAnSA%253D%253D%26sprefix%3Dba%252Caps%252C283%26sr%3D1-2-0ed3791a-248a-486c-a919-e58e3b366666-spons%26sp_csd%3Dd2lkZ2V0TmFtZT1zcF9zZWFyY2hfdGhlbWF0aWM%26psc%3D1,,,,
https://www.amazon.in/Arctic-Fox-Backpack-Charging-Laptop/dp/B089QB6D7B/ref=sxin_17_pa_sp_search_thematic_mod_primary_new?content-id=amzn1.sym.ad613068-4e07-4c11-9002-4e34465b1e37%3Aamzn1.sym.ad613068-4e07-4c11-9002-4e34465b1e37&crid=2M096C61O4MLT&cv_ct_cx=bags&keywords=bags&pd_rd_i=B089QB6D7B&pd_rd_r=c83ccb01-ffbf-4514-b1d4-34d4ed716fe7&pd_rd_w=bxmTm&pd_rd_wg=Ic4mT&pf_rd_p=ad613068-4e07-4c11-9002-4e34465b1e37&pf_rd_r=0EJDE115XEWN77ZPEER4&qid=1692645662&sbo=RZvfv%2F%2FHxDF%2BO5021pAnSA%3D%3D&sbo=RZvfv%2F%2FHxDF%2BO5021pAnSA%3D%3D&sprefix=ba%2Caps%2C283&sr=1-3-0ed3791a-248a-486c-a919-e58e3b366666,,,,
https://www.amazon.in/sspa/click?ie=UTF8&spc=MTo4OTAzNDUyNTUzOTU5NzoxNjkyNjQ1NjYyOnNwX3NlYXJjaF90aGVtYXRpYzozMDAwMTM3MjMyOTI3MzI6OjM6Og&url=%2FArctic-Fox-Maverick-Castel-Backpack%2Fdp%2FB0BZVK114M%2Fref%3Dsxin_17_pa_sp_search_thematic_sspa%3Fcontent-id%3Damzn1.sym.ad613068-4e07-4c11-9002-4e34465b1e37%253Aamzn1.sym.ad613068-4e07-4c11-9002-4e34465b1e37%26crid%3D2M096C61O4MLT%26cv_ct_cx%3Dbags%26keywords%3Dbags%26pd_rd_i%3DB0BZVK114M%26pd_rd_r%3Dc83ccb01-ffbf-4514-b1d4-34d4ed716fe7%26pd_rd_w%3DbxmTm%26pd_rd_wg%3DIc4mT%26pf_rd_p%3Dad613068-4e07-4c11-9002-4e34465b1e37%26pf_rd_r%3D0EJDE115XEWN77ZPEER4%26qid%3D1692645662%26sbo%3DRZvfv%252F%252FHxDF%252BO5021pAnSA%253D%253D%26sprefix%3Dba%252Caps%252C283%26sr%3D1-4-0ed3791a-248a-486c-a919-e58e3b366666-spons%26sp_csd%3Dd2lkZ2V0TmFtZT1zcF9zZWFyY2hfdGhlbWF0aWM%26psc%3D1,,,,
https://www.amazon.in/sspa/click?ie=UTF8&spc=MTo4OTAzNDUyNTUzOTU5NzoxNjkyNjQ1NjYyOnNwX3NlYXJjaF90aGVtYXRpYzozMDAwMTM3MjUzNTA2MzI6OjQ6Og&url=%2FArctic-Fox-Maverick-Laptop-Backpack%2Fdp%2FB0BZVJ4Z68%2Fref%3Dsxin_17_pa_sp_search_thematic_sspa%3Fcontent-id%3Damzn1.sym.ad613068-4e07-4c11-9002-4e34465b1e37%253Aamzn1.sym.ad613068-4e07-4c11-9002-4e34465b1e37%26crid%3D2M096C61O4MLT%26cv_ct_cx%3Dbags%26keywords%3Dbags%26pd_rd_i%3DB0BZVJ4Z68%26pd_rd_r%3Dc83ccb01-ffbf-4514-b1d4-34d4ed716fe7%26pd_rd_w%3DbxmTm%26pd_rd_wg%3DIc4mT%26pf_rd_p%3Dad613068-4e07-4c11-9002-4e34465b1e37%26pf_rd_r%3D0EJDE115XEWN77ZPEER4%26qid%3D1692645662%26sbo%3DRZvfv%252F%252FHxDF%252BO5021pAnSA%253D%253D%26sprefix%3Dba%252Caps%252C283%26sr%3D1-5-0ed3791a-248a-486c-a919-e58e3b366666-spons%26sp_csd%3Dd2lkZ2V0TmFtZT1zcF9zZWFyY2hfdGhlbWF0aWM%26psc%3D1,,,,
https://www.amazon.in/Number-Backpack-Compartment-Charging-Organizer/dp/B09VTDMRY7/ref=sr_1_4?crid=2M096C61O4MLT&keywords=bags&qid=1692645662&sprefix=ba%2Caps%2C283&sr=8-4,,,,
https://www.amazon.in/TRUE-HUMAN-Anti-Theft-backpack-charging/dp/B09QJ7ZF2Y/ref=sr_1_5?crid=2M096C61O4MLT&keywords=bags&qid=1692645662&sprefix=ba%2Caps%2C283&sr=8-5,,,,
https://www.amazon.in/Half-Moon-Waterproof-Backpack-Students/dp/B085MHDJ93/ref=sr_1_6?crid=2M096C61O4MLT&keywords=bags&qid=1692645662&sprefix=ba%2Caps%2C283&sr=8-6,,,,
https://www.amazon.in/Half-Moon-Resistant-Backpack-Compartment/dp/B0BJ32LQ6X/ref=sr_1_7?crid=2M096C61O4MLT&keywords=bags&qid=1692645662&sprefix=ba%2Caps%2C283&sr=8-7,,,,
https://www.amazon.in/Rucksack-Travel-Backpack-Trekking-Compartment/dp/B07YDGQQN5/ref=sr_1_8?crid=2M096C61O4MLT&keywords=bags&qid=1692645662&sprefix=ba%2Caps%2C283&sr=8-8,,,,
https://www.amazon.in/Police-Polyester-laptop-casual-backpack/dp/B09CQ5T3LN/ref=sr_1_9?crid=2M096C61O4MLT&keywords=bags&qid=1692645662&sprefix=ba%2Caps%2C283&sr=8-9,,,,
https://www.amazon.in/MosQuick%C2%AE-Drawstring-Organizing-Stationery-multipurpose/dp/B09SB5DP5Y/ref=sxin_25_trfobq2av2_0_B09SB5DP5Y?content-id=amzn1.sym.7abeb195-8e0b-4e74-aede-b7cb234213a5%3Aamzn1.sym.7abeb195-8e0b-4e74-aede-b7cb234213a5&crid=2M096C61O4MLT&cv_ct_cx=bags&keywords=bags&pd_rd_i=B09SB5DP5Y&pd_rd_r=c83ccb01-ffbf-4514-b1d4-34d4ed716fe7&pd_rd_w=YrZYG&pd_rd_wg=Ic4mT&pf_rd_p=7abeb195-8e0b-4e74-aede-b7cb234213a5&pf_rd_r=0EJDE115XEWN77ZPEER4&qid=1692645662&sbo=EO%2BcdOgoisx3waG5xqcZQA%3D%3D&sprefix=ba%2Caps%2C283&sr=1-1-973fd8bd-28ce-479e-8be4-fbaf1193947a,"MosQuickÂ® Clear large Drawstring Bags Clear Plastic Travel Bags, Travel Garments Organizing Storage Plastic Bags ,Shoe bags , Stationery Bag,multipurpose bag - Translucent",,,74 ratings
https://www.amazon.in/Amazon-Brand-Presto-Oxo-Biodegradable-Garbage/dp/B0821PYKVK/ref=sxin_25_trfobq2av2_1_B0821PYKVK?content-id=amzn1.sym.7abeb195-8e0b-4e74-aede-b7cb234213a5%3Aamzn1.sym.7abeb195-8e0b-4e74-aede-b7cb234213a5&crid=2M096C61O4MLT&cv_ct_cx=bags&keywords=bags&pd_rd_i=B0821PYKVK&pd_rd_r=c83ccb01-ffbf-4514-b1d4-34d4ed716fe7&pd_rd_w=YrZYG&pd_rd_wg=Ic4mT&pf_rd_p=7abeb195-8e0b-4e74-aede-b7cb234213a5&pf_rd_r=0EJDE115XEWN77ZPEER4&qid=1692645662&sbo=RZvfv%2F%2FHxDF%2BO5021pAnSA%3D%3D&sprefix=ba%2Caps%2C283&sr=1-2-973fd8bd-28ce-479e-8be4-fbaf1193947a,,,,
https://www.amazon.in/Amazon-Basics-Laptop-Backpack-Repellent/dp/B09W3XLDM2/ref=sxin_25_trfobq2av2_2_B09W3XLDM2?content-id=amzn1.sym.7abeb195-8e0b-4e74-aede-b7cb234213a5%3Aamzn1.sym.7abeb195-8e0b-4e74-aede-b7cb234213a5&crid=2M096C61O4MLT&cv_ct_cx=bags&keywords=bags&pd_rd_i=B09W3XLDM2&pd_rd_r=c83ccb01-ffbf-4514-b1d4-34d4ed716fe7&pd_rd_w=YrZYG&pd_rd_wg=Ic4mT&pf_rd_p=7abeb195-8e0b-4e74-aede-b7cb234213a5&pf_rd_r=0EJDE115XEWN77ZPEER4&qid=1692645662&sbo=RZvfv%2F%2FHxDF%2BO5021pAnSA%3D%3D&sprefix=ba%2Caps%2C283&sr=1-3-973fd8bd-28ce-479e-8be4-fbaf1193947a,,,,
https://www.amazon.in/Backpack-Toddler-Animal-Cartoon-Travel/dp/B08D5RCWV9/ref=sxin_25_trfobq2av2_3_B08D5RCWV9?content-id=amzn1.sym.7abeb195-8e0b-4e74-aede-b7cb234213a5%3Aamzn1.sym.7abeb195-8e0b-4e74-aede-b7cb234213a5&crid=2M096C61O4MLT&cv_ct_cx=bags&keywords=bags&pd_rd_i=B08D5RCWV9&pd_rd_r=c83ccb01-ffbf-4514-b1d4-34d4ed716fe7&pd_rd_w=YrZYG&pd_rd_wg=Ic4mT&pf_rd_p=7abeb195-8e0b-4e74-aede-b7cb234213a5&pf_rd_r=0EJDE115XEWN77ZPEER4&qid=1692645662&sbo=RZvfv%2F%2FHxDF%2BO5021pAnSA%3D%3D&sprefix=ba%2Caps%2C283&sr=1-4-973fd8bd-28ce-479e-8be4-fbaf1193947a,,,,
https://www.amazon.in/Amazon-Brand-Solimo-Diaper-Backpack/dp/B08FTHBRPY/ref=sxin_25_trfobq2av2_4_B08FTHBRPY?content-id=amzn1.sym.7abeb195-8e0b-4e74-aede-b7cb234213a5%3Aamzn1.sym.7abeb195-8e0b-4e74-aede-b7cb234213a5&crid=2M096C61O4MLT&cv_ct_cx=bags&keywords=bags&pd_rd_i=B08FTHBRPY&pd_rd_r=c83ccb01-ffbf-4514-b1d4-34d4ed716fe7&pd_rd_w=YrZYG&pd_rd_wg=Ic4mT&pf_rd_p=7abeb195-8e0b-4e74-aede-b7cb234213a5&pf_rd_r=0EJDE115XEWN77ZPEER4&qid=1692645662&sbo=RZvfv%2F%2FHxDF%2BO5021pAnSA%3D%3D&sprefix=ba%2Caps%2C283&sr=1-5-973fd8bd-28ce-479e-8be4-fbaf1193947a,,,,
https://www.amazon.in/AmazonBasics-Casual-Backpack-Office-15-6-inch/dp/B09W4VMZ79/ref=sxin_25_trfobq2av2_5_B09W4VMZ79?content-id=amzn1.sym.7abeb195-8e0b-4e74-aede-b7cb234213a5%3Aamzn1.sym.7abeb195-8e0b-4e74-aede-b7cb234213a5&crid=2M096C61O4MLT&cv_ct_cx=bags&keywords=bags&pd_rd_i=B09W4VMZ79&pd_rd_r=c83ccb01-ffbf-4514-b1d4-34d4ed716fe7&pd_rd_w=YrZYG&pd_rd_wg=Ic4mT&pf_rd_p=7abeb195-8e0b-4e74-aede-b7cb234213a5&pf_rd_r=0EJDE115XEWN77ZPEER4&qid=1692645662&sbo=RZvfv%2F%2FHxDF%2BO5021pAnSA%3D%3D&sprefix=ba%2Caps%2C283&sr=1-6-973fd8bd-28ce-479e-8be4-fbaf1193947a,,,,
https://www.amazon.in/Dyazo-Backpack-Business-Notebook-computer/dp/B0C7HC675G/ref=sxin_25_trfobq2av2_6_B0C7HC675G?content-id=amzn1.sym.7abeb195-8e0b-4e74-aede-b7cb234213a5%3Aamzn1.sym.7abeb195-8e0b-4e74-aede-b7cb234213a5&crid=2M096C61O4MLT&cv_ct_cx=bags&keywords=bags&pd_rd_i=B0C7HC675G&pd_rd_r=c83ccb01-ffbf-4514-b1d4-34d4ed716fe7&pd_rd_w=YrZYG&pd_rd_wg=Ic4mT&pf_rd_p=7abeb195-8e0b-4e74-aede-b7cb234213a5&pf_rd_r=0EJDE115XEWN77ZPEER4&qid=1692645662&sbo=RZvfv%2F%2FHxDF%2BO5021pAnSA%3D%3D&sprefix=ba%2Caps%2C283&sr=1-7-973fd8bd-28ce-479e-8be4-fbaf1193947a,,,,
https://www.amazon.in/School-Backpack-Cartoon-Travel-Toddler/dp/B097NHH5YY/ref=sxin_25_trfobq2av2_7_B097NHH5YY?content-id=amzn1.sym.7abeb195-8e0b-4e74-aede-b7cb234213a5%3Aamzn1.sym.7abeb195-8e0b-4e74-aede-b7cb234213a5&crid=2M096C61O4MLT&cv_ct_cx=bags&keywords=bags&pd_rd_i=B097NHH5YY&pd_rd_r=c83ccb01-ffbf-4514-b1d4-34d4ed716fe7&pd_rd_w=YrZYG&pd_rd_wg=Ic4mT&pf_rd_p=7abeb195-8e0b-4e74-aede-b7cb234213a5&pf_rd_r=0EJDE115XEWN77ZPEER4&qid=1692645662&sbo=RZvfv%2F%2FHxDF%2BO5021pAnSA%3D%3D&sprefix=ba%2Caps%2C283&sr=1-8-973fd8bd-28ce-479e-8be4-fbaf1193947a,,,,
https://www.amazon.in/FUR-JADEN-Leatherette-Polypropylene-DUFF05/dp/B07M9BRCQ5/ref=sr_1_10?crid=2M096C61O4MLT&keywords=bags&qid=1692645662&sprefix=ba%2Caps%2C283&sr=8-10,,,,
https://www.amazon.in/GEAR-Black-Blue-Backpack-years/dp/B019HA8AYG/ref=sr_1_11?crid=2M096C61O4MLT&keywords=bags&qid=1692645662&sprefix=ba%2Caps%2C283&sr=8-11,,,,
https://www.amazon.in/Gear-Classic-Leather-Backpack-LBPCLSLTH0201/dp/B07G4F6XFH/ref=sr_1_12?crid=2M096C61O4MLT&keywords=bags&qid=1692645662&sprefix=ba%2Caps%2C283&sr=8-12,,,,
https://www.amazon.in/Safari-45L-21-OB-BLK/dp/B07BZ5VC4H/ref=sr_1_13?crid=2M096C61O4MLT&keywords=bags&qid=1692645662&sprefix=ba%2Caps%2C283&sr=8-13,,,,
https://www.amazon.in/American-Tourister-BACKPACK-COMPARTMENT-ORGANIZER/dp/B0BTD4FK9G/ref=sr_1_14?crid=2M096C61O4MLT&keywords=bags&qid=1692645662&sprefix=ba%2Caps%2C283&sr=8-14,,,,
https://www.amazon.in/Backpack-Small-Black-Water-Repellant/dp/B088XB5XY8/ref=sr_1_15?crid=2M096C61O4MLT&keywords=bags&qid=1692645662&sprefix=ba%2Caps%2C283&sr=8-15,,,,
https://www.amazon.in/Lavie-Sport-Duffle-Luggage-Trolley/dp/B097RJ22Q3/ref=sr_1_16?crid=2M096C61O4MLT&keywords=bags&qid=1692645662&sprefix=ba%2Caps%2C283&sr=8-16,,,,
https://www.amazon.in/Skybags-Brat-Black-Casual-Backpack/dp/B08Z1HHHTD/ref=sr_1_1?crid=2M096C61O4MLT&keywords=bags&qid=1692645677&sprefix=ba%2Caps%2C283&sr=8-1,,,,
https://www.amazon.in/American-Tourister-AMT-SCH-02/dp/B07CJCGM1M/ref=sr_1_2?crid=2M096C61O4MLT&keywords=bags&qid=1692645677&sprefix=ba%2Caps%2C283&sr=8-2,,,,
https://www.amazon.in/Half-Moon-Backpack-Luggage-Compartment/dp/B09VCLZ3K4/ref=sr_1_3?crid=2M096C61O4MLT&keywords=bags&qid=1692645677&sprefix=ba%2Caps%2C283&sr=8-3,,,,
https://www.amazon.in/MosQuick%C2%AE-Drawstring-Organizing-Stationery-multipurpose/dp/B09SB5DP5Y/ref=sxin_17_trfobq2av2_0_B09SB5DP5Y?content-id=amzn1.sym.7abeb195-8e0b-4e74-aede-b7cb234213a5%3Aamzn1.sym.7abeb195-8e0b-4e74-aede-b7cb234213a5&crid=2M096C61O4MLT&cv_ct_cx=bags&keywords=bags&pd_rd_i=B09SB5DP5Y&pd_rd_r=bb567a23-1b22-4181-b7eb-784dda2bbe70&pd_rd_w=zMsJ8&pd_rd_wg=4oJnx&pf_rd_p=7abeb195-8e0b-4e74-aede-b7cb234213a5&pf_rd_r=PFA0X9MHD9R0HQ8PNTXC&qid=1692645677&sbo=EO%2BcdOgoisx3waG5xqcZQA%3D%3D&sprefix=ba%2Caps%2C283&sr=1-1-973fd8bd-28ce-479e-8be4-fbaf1193947a,,,,
https://www.amazon.in/Amazon-Brand-Presto-Oxo-Biodegradable-Garbage/dp/B0821PYKVK/ref=sxin_17_trfobq2av2_1_B0821PYKVK?content-id=amzn1.sym.7abeb195-8e0b-4e74-aede-b7cb234213a5%3Aamzn1.sym.7abeb195-8e0b-4e74-aede-b7cb234213a5&crid=2M096C61O4MLT&cv_ct_cx=bags&keywords=bags&pd_rd_i=B0821PYKVK&pd_rd_r=bb567a23-1b22-4181-b7eb-784dda2bbe70&pd_rd_w=zMsJ8&pd_rd_wg=4oJnx&pf_rd_p=7abeb195-8e0b-4e74-aede-b7cb234213a5&pf_rd_r=PFA0X9MHD9R0HQ8PNTXC&qid=1692645677&sbo=RZvfv%2F%2FHxDF%2BO5021pAnSA%3D%3D&sprefix=ba%2Caps%2C283&sr=1-2-973fd8bd-28ce-479e-8be4-fbaf1193947a,,,,
https://www.amazon.in/Amazon-Basics-Laptop-Backpack-Repellent/dp/B09W3XLDM2/ref=sxin_17_trfobq2av2_2_B09W3XLDM2?content-id=amzn1.sym.7abeb195-8e0b-4e74-aede-b7cb234213a5%3Aamzn1.sym.7abeb195-8e0b-4e74-aede-b7cb234213a5&crid=2M096C61O4MLT&cv_ct_cx=bags&keywords=bags&pd_rd_i=B09W3XLDM2&pd_rd_r=bb567a23-1b22-4181-b7eb-784dda2bbe70&pd_rd_w=zMsJ8&pd_rd_wg=4oJnx&pf_rd_p=7abeb195-8e0b-4e74-aede-b7cb234213a5&pf_rd_r=PFA0X9MHD9R0HQ8PNTXC&qid=1692645677&sbo=RZvfv%2F%2FHxDF%2BO5021pAnSA%3D%3D&sprefix=ba%2Caps%2C283&sr=1-3-973fd8bd-28ce-479e-8be4-fbaf1193947a,,,,
https://www.amazon.in/Backpack-Toddler-Animal-Cartoon-Travel/dp/B08D5RCWV9/ref=sxin_17_trfobq2av2_3_B08D5RCWV9?content-id=amzn1.sym.7abeb195-8e0b-4e74-aede-b7cb234213a5%3Aamzn1.sym.7abeb195-8e0b-4e74-aede-b7cb234213a5&crid=2M096C61O4MLT&cv_ct_cx=bags&keywords=bags&pd_rd_i=B08D5RCWV9&pd_rd_r=bb567a23-1b22-4181-b7eb-784dda2bbe70&pd_rd_w=zMsJ8&pd_rd_wg=4oJnx&pf_rd_p=7abeb195-8e0b-4e74-aede-b7cb234213a5&pf_rd_r=PFA0X9MHD9R0HQ8PNTXC&qid=1692645677&sbo=RZvfv%2F%2FHxDF%2BO5021pAnSA%3D%3D&sprefix=ba%2Caps%2C283&sr=1-4-973fd8bd-28ce-479e-8be4-fbaf1193947a,,,,
https://www.amazon.in/Amazon-Brand-Solimo-Diaper-Backpack/dp/B08FTHBRPY/ref=sxin_17_trfobq2av2_4_B08FTHBRPY?content-id=amzn1.sym.7abeb195-8e0b-4e74-aede-b7cb234213a5%3Aamzn1.sym.7abeb195-8e0b-4e74-aede-b7cb234213a5&crid=2M096C61O4MLT&cv_ct_cx=bags&keywords=bags&pd_rd_i=B08FTHBRPY&pd_rd_r=bb567a23-1b22-4181-b7eb-784dda2bbe70&pd_rd_w=zMsJ8&pd_rd_wg=4oJnx&pf_rd_p=7abeb195-8e0b-4e74-aede-b7cb234213a5&pf_rd_r=PFA0X9MHD9R0HQ8PNTXC&qid=1692645677&sbo=RZvfv%2F%2FHxDF%2BO5021pAnSA%3D%3D&sprefix=ba%2Caps%2C283&sr=1-5-973fd8bd-28ce-479e-8be4-fbaf1193947a,,,,
https://www.amazon.in/AmazonBasics-Casual-Backpack-Office-15-6-inch/dp/B09W4VMZ79/ref=sxin_17_trfobq2av2_5_B09W4VMZ79?content-id=amzn1.sym.7abeb195-8e0b-4e74-aede-b7cb234213a5%3Aamzn1.sym.7abeb195-8e0b-4e74-aede-b7cb234213a5&crid=2M096C61O4MLT&cv_ct_cx=bags&keywords=bags&pd_rd_i=B09W4VMZ79&pd_rd_r=bb567a23-1b22-4181-b7eb-784dda2bbe70&pd_rd_w=zMsJ8&pd_rd_wg=4oJnx&pf_rd_p=7abeb195-8e0b-4e74-aede-b7cb234213a5&pf_rd_r=PFA0X9MHD9R0HQ8PNTXC&qid=1692645677&sbo=RZvfv%2F%2FHxDF%2BO5021pAnSA%3D%3D&sprefix=ba%2Caps%2C283&sr=1-6-973fd8bd-28ce-479e-8be4-fbaf1193947a,,,,
https://www.amazon.in/Dyazo-Backpack-Business-Notebook-computer/dp/B0C7HC675G/ref=sxin_17_trfobq2av2_6_B0C7HC675G?content-id=amzn1.sym.7abeb195-8e0b-4e74-aede-b7cb234213a5%3Aamzn1.sym.7abeb195-8e0b-4e74-aede-b7cb234213a5&crid=2M096C61O4MLT&cv_ct_cx=bags&keywords=bags&pd_rd_i=B0C7HC675G&pd_rd_r=bb567a23-1b22-4181-b7eb-784dda2bbe70&pd_rd_w=zMsJ8&pd_rd_wg=4oJnx&pf_rd_p=7abeb195-8e0b-4e74-aede-b7cb234213a5&pf_rd_r=PFA0X9MHD9R0HQ8PNTXC&qid=1692645677&sbo=RZvfv%2F%2FHxDF%2BO5021pAnSA%3D%3D&sprefix=ba%2Caps%2C283&sr=1-7-973fd8bd-28ce-479e-8be4-fbaf1193947a,,,,
https://www.amazon.in/School-Backpack-Cartoon-Travel-Toddler/dp/B097NHH5YY/ref=sxin_17_trfobq2av2_7_B097NHH5YY?content-id=amzn1.sym.7abeb195-8e0b-4e74-aede-b7cb234213a5%3Aamzn1.sym.7abeb195-8e0b-4e74-aede-b7cb234213a5&crid=2M096C61O4MLT&cv_ct_cx=bags&keywords=bags&pd_rd_i=B097NHH5YY&pd_rd_r=bb567a23-1b22-4181-b7eb-784dda2bbe70&pd_rd_w=zMsJ8&pd_rd_wg=4oJnx&pf_rd_p=7abeb195-8e0b-4e74-aede-b7cb234213a5&pf_rd_r=PFA0X9MHD9R0HQ8PNTXC&qid=1692645677&sbo=RZvfv%2F%2FHxDF%2BO5021pAnSA%3D%3D&sprefix=ba%2Caps%2C283&sr=1-8-973fd8bd-28ce-479e-8be4-fbaf1193947a,,,,
https://www.amazon.in/Number-Backpack-Compartment-Charging-Organizer/dp/B09VTDMRY7/ref=sr_1_4?crid=2M096C61O4MLT&keywords=bags&qid=1692645677&sprefix=ba%2Caps%2C283&sr=8-4,,,,
https://www.amazon.in/TRUE-HUMAN-Anti-Theft-backpack-charging/dp/B09QJ7ZF2Y/ref=sr_1_5?crid=2M096C61O4MLT&keywords=bags&qid=1692645677&sprefix=ba%2Caps%2C283&sr=8-5,,,,
https://www.amazon.in/Half-Moon-Waterproof-Backpack-Students/dp/B085MHDJ93/ref=sr_1_6?crid=2M096C61O4MLT&keywords=bags&qid=1692645677&sprefix=ba%2Caps%2C283&sr=8-6,,,,
https://www.amazon.in/Half-Moon-Resistant-Backpack-Compartment/dp/B0BJ32LQ6X/ref=sr_1_7?crid=2M096C61O4MLT&keywords=bags&qid=1692645677&sprefix=ba%2Caps%2C283&sr=8-7,,,,
https://www.amazon.in/Police-Polyester-laptop-casual-backpack/dp/B09CQ5T3LN/ref=sr_1_8?crid=2M096C61O4MLT&keywords=bags&qid=1692645677&sprefix=ba%2Caps%2C283&sr=8-8,POLICE Backpack for Men Casual Laptop Bag Office/Travel/College 30 Ltr Hedge Polyester - Black,,,"5,852 ratings"
https://www.amazon.in/Rucksack-Travel-Backpack-Trekking-Compartment/dp/B07YDGQQN5/ref=sr_1_9?crid=2M096C61O4MLT&keywords=bags&qid=1692645677&sprefix=ba%2Caps%2C283&sr=8-9,,,,
https://www.amazon.in/FUR-JADEN-Leatherette-Polypropylene-DUFF05/dp/B07M9BRCQ5/ref=sr_1_10?crid=2M096C61O4MLT&keywords=bags&qid=1692645677&sprefix=ba%2Caps%2C283&sr=8-10,,,,
https://www.amazon.in/GEAR-Black-Blue-Backpack-years/dp/B019HA8AYG/ref=sr_1_11?crid=2M096C61O4MLT&keywords=bags&qid=1692645677&sprefix=ba%2Caps%2C283&sr=8-11,,,,
https://www.amazon.in/SFANE-Duffel-Shoulder-Women-Compartment/dp/B07XXFB9CZ/ref=sr_1_12?crid=2M096C61O4MLT&keywords=bags&qid=1692645677&sprefix=ba%2Caps%2C283&sr=8-12,,,,
https://www.amazon.in/Gear-Classic-Leather-Backpack-LBPCLSLTH0201/dp/B07G4F6XFH/ref=sr_1_13?crid=2M096C61O4MLT&keywords=bags&qid=1692645677&sprefix=ba%2Caps%2C283&sr=8-13,,,,
https://www.amazon.in/Safari-45L-21-OB-BLK/dp/B07BZ5VC4H/ref=sr_1_14?crid=2M096C61O4MLT&keywords=bags&qid=1692645677&sprefix=ba%2Caps%2C283&sr=8-14,,,,
https://www.amazon.in/American-Tourister-BACKPACK-COMPARTMENT-ORGANIZER/dp/B0BTD4FK9G/ref=sr_1_15?crid=2M096C61O4MLT&keywords=bags&qid=1692645677&sprefix=ba%2Caps%2C283&sr=8-15,,,,
https://www.amazon.in/Backpack-Small-Black-Water-Repellant/dp/B088XB5XY8/ref=sr_1_16?crid=2M096C61O4MLT&keywords=bags&qid=1692645677&sprefix=ba%2Caps%2C283&sr=8-16,,,,
